{
  "mat": [
    [
      0.764306766331, 
      0.271236805481, 
      0.680316692501, 
      -10.2397977404, 
      -0.644912325743, 
      -2.86732855662, 
      -11.2086994795, 
      -12.3919299903, 
      -10.6737511715
    ], 
    [
      0.0, 
      0.0, 
      0.0, 
      -11.433445318299999, 
      -0.652239397152, 
      -7.068423677849999, 
      -6.21976263926, 
      -9.28354690154, 
      -15.1285901376
    ]
  ], 
  "links": [], 
  "views": [
    {
      "N_row_sum": "all", 
      "dist": "cos", 
      "nodes": {
        "row_nodes": [
          {
            "group": [
              1.0, 
              1.0, 
              1.0, 
              1.0, 
              1.0, 
              1.0, 
              1.0, 
              1.0, 
              1.0, 
              1.0, 
              1.0
            ], 
            "name": "Cell cycle_Homo sapiens_hsa04110", 
            "clust": 0, 
            "rank": 1, 
            "ini": 2, 
            "rankvar": 1
          }, 
          {
            "group": [
              2.0, 
              2.0, 
              2.0, 
              2.0, 
              2.0, 
              2.0, 
              2.0, 
              2.0, 
              2.0, 
              2.0, 
              1.0
            ], 
            "name": "DNA replication_Homo sapiens_hsa03030", 
            "clust": 1, 
            "rank": 0, 
            "ini": 1, 
            "rankvar": 0
          }
        ], 
        "col_nodes": [
          {
            "group": [
              1.0, 
              1.0, 
              1.0, 
              1.0, 
              1.0, 
              1.0, 
              1.0, 
              1.0, 
              1.0, 
              1.0, 
              1.0
            ], 
            "name": "1_up_0.04", 
            "clust": 1, 
            "rank": 8, 
            "ini": 9, 
            "rankvar": 3
          }, 
          {
            "group": [
              1.0, 
              1.0, 
              1.0, 
              1.0, 
              1.0, 
              1.0, 
              1.0, 
              1.0, 
              1.0, 
              1.0, 
              1.0
            ], 
            "name": "1_up_0.12", 
            "clust": 2, 
            "rank": 6, 
            "ini": 8, 
            "rankvar": 1
          }, 
          {
            "group": [
              1.0, 
              1.0, 
              1.0, 
              1.0, 
              1.0, 
              1.0, 
              1.0, 
              1.0, 
              1.0, 
              1.0, 
              1.0
            ], 
            "name": "1_up_01.11", 
            "clust": 0, 
            "rank": 7, 
            "ini": 7, 
            "rankvar": 2
          }, 
          {
            "group": [
              4.0, 
              2.0, 
              2.0, 
              2.0, 
              2.0, 
              2.0, 
              2.0, 
              2.0, 
              2.0, 
              1.0, 
              1.0
            ], 
            "name": "2_down_0.04", 
            "clust": 7, 
            "rank": 2, 
            "ini": 6, 
            "rankvar": 4
          }, 
          {
            "group": [
              5.0, 
              2.0, 
              2.0, 
              2.0, 
              2.0, 
              2.0, 
              2.0, 
              2.0, 
              2.0, 
              1.0, 
              1.0
            ], 
            "name": "2_down_0.12", 
            "clust": 8, 
            "rank": 5, 
            "ini": 5, 
            "rankvar": 0
          }, 
          {
            "group": [
              7.0, 
              2.0, 
              2.0, 
              2.0, 
              2.0, 
              2.0, 
              2.0, 
              2.0, 
              2.0, 
              1.0, 
              1.0
            ], 
            "name": "2_down_0.37", 
            "clust": 3, 
            "rank": 4, 
            "ini": 4, 
            "rankvar": 6
          }, 
          {
            "group": [
              2.0, 
              2.0, 
              2.0, 
              2.0, 
              2.0, 
              2.0, 
              2.0, 
              2.0, 
              2.0, 
              1.0, 
              1.0
            ], 
            "name": "2_down_01.11", 
            "clust": 4, 
            "rank": 3, 
            "ini": 3, 
            "rankvar": 8
          }, 
          {
            "group": [
              3.0, 
              2.0, 
              2.0, 
              2.0, 
              2.0, 
              2.0, 
              2.0, 
              2.0, 
              2.0, 
              1.0, 
              1.0
            ], 
            "name": "2_down_03.33", 
            "clust": 5, 
            "rank": 1, 
            "ini": 2, 
            "rankvar": 5
          }, 
          {
            "group": [
              6.0, 
              2.0, 
              2.0, 
              2.0, 
              2.0, 
              2.0, 
              2.0, 
              2.0, 
              2.0, 
              1.0, 
              1.0
            ], 
            "name": "2_down_10.0", 
            "clust": 6, 
            "rank": 0, 
            "ini": 1, 
            "rankvar": 7
          }
        ]
      }
    }, 
    {
      "N_row_var": "all", 
      "nodes": {
        "row_nodes": [
          {
            "group": [
              1.0, 
              1.0, 
              1.0, 
              1.0, 
              1.0, 
              1.0, 
              1.0, 
              1.0, 
              1.0, 
              1.0, 
              1.0
            ], 
            "name": "Cell cycle_Homo sapiens_hsa04110", 
            "clust": 0, 
            "rank": 1, 
            "ini": 2, 
            "rankvar": 1
          }, 
          {
            "group": [
              2.0, 
              2.0, 
              2.0, 
              2.0, 
              2.0, 
              2.0, 
              2.0, 
              2.0, 
              2.0, 
              2.0, 
              1.0
            ], 
            "name": "DNA replication_Homo sapiens_hsa03030", 
            "clust": 1, 
            "rank": 0, 
            "ini": 1, 
            "rankvar": 0
          }
        ], 
        "col_nodes": [
          {
            "group": [
              1.0, 
              1.0, 
              1.0, 
              1.0, 
              1.0, 
              1.0, 
              1.0, 
              1.0, 
              1.0, 
              1.0, 
              1.0
            ], 
            "name": "1_up_0.04", 
            "clust": 1, 
            "rank": 8, 
            "ini": 9, 
            "rankvar": 3
          }, 
          {
            "group": [
              1.0, 
              1.0, 
              1.0, 
              1.0, 
              1.0, 
              1.0, 
              1.0, 
              1.0, 
              1.0, 
              1.0, 
              1.0
            ], 
            "name": "1_up_0.12", 
            "clust": 2, 
            "rank": 6, 
            "ini": 8, 
            "rankvar": 1
          }, 
          {
            "group": [
              1.0, 
              1.0, 
              1.0, 
              1.0, 
              1.0, 
              1.0, 
              1.0, 
              1.0, 
              1.0, 
              1.0, 
              1.0
            ], 
            "name": "1_up_01.11", 
            "clust": 0, 
            "rank": 7, 
            "ini": 7, 
            "rankvar": 2
          }, 
          {
            "group": [
              4.0, 
              2.0, 
              2.0, 
              2.0, 
              2.0, 
              2.0, 
              2.0, 
              2.0, 
              2.0, 
              1.0, 
              1.0
            ], 
            "name": "2_down_0.04", 
            "clust": 7, 
            "rank": 2, 
            "ini": 6,