{
  "mat": [
    [
      -3.6502890796199994, 
      -1.76354644747, 
      -0.7940474596449999, 
      -3.99647300294, 
      -14.0914477053, 
      -20.1245742301
    ], 
    [
      -2.87359282118, 
      -1.5184603138400001, 
      -0.931308631294, 
      -0.10473644666899999, 
      -8.5104924677, 
      -10.4828609219
    ]
  ], 
  "links": [], 
  "views": [
    {
      "N_row_sum": "all", 
      "dist": "cos", 
      "nodes": {
        "row_nodes": [
          {
            "group": [
              1.0, 
              1.0, 
              1.0, 
              1.0, 
              1.0, 
              1.0, 
              1.0, 
              1.0, 
              1.0, 
              1.0, 
              1.0
            ], 
            "name": "NF-kappa B signaling pathway_Homo sapiens_hsa04064", 
            "clust": 0, 
            "rank": 0, 
            "ini": 2, 
            "rankvar": 1
          }, 
          {
            "group": [
              2.0, 
              2.0, 
              2.0, 
              2.0, 
              2.0, 
              2.0, 
              2.0, 
              2.0, 
              2.0, 
              2.0, 
              1.0
            ], 
            "name": "Small cell lung cancer_Homo sapiens_hsa05222", 
            "clust": 1, 
            "rank": 1, 
            "ini": 1, 
            "rankvar": 0
          }
        ], 
        "col_nodes": [
          {
            "group": [
              3.0, 
              1.0, 
              1.0, 
              1.0, 
              1.0, 
              1.0, 
              1.0, 
              1.0, 
              1.0, 
              1.0, 
              1.0
            ], 
            "name": "2_down_0.04", 
            "clust": 4, 
            "rank": 2, 
            "ini": 6, 
            "rankvar": 2
          }, 
          {
            "group": [
              4.0, 
              1.0, 
              1.0, 
              1.0, 
              1.0, 
              1.0, 
              1.0, 
              1.0, 
              1.0, 
              1.0, 
              1.0
            ], 
            "name": "2_down_0.12", 
            "clust": 5, 
            "rank": 4, 
            "ini": 5, 
            "rankvar": 1
          }, 
          {
            "group": [
              5.0, 
              1.0, 
              1.0, 
              1.0, 
              1.0, 
              1.0, 
              1.0, 
              1.0, 
              1.0, 
              1.0, 
              1.0
            ], 
            "name": "2_down_0.37", 
            "clust": 3, 
            "rank": 5, 
            "ini": 4, 
            "rankvar": 0
          }, 
          {
            "group": [
              6.0, 
              2.0, 
              2.0, 
              2.0, 
              2.0, 
              2.0, 
              1.0, 
              1.0, 
              1.0, 
              1.0, 
              1.0
            ], 
            "name": "2_down_01.11", 
            "clust": 0, 
            "rank": 3, 
            "ini": 3, 
            "rankvar": 3
          }, 
          {
            "group": [
              1.0, 
              1.0, 
              1.0, 
              1.0, 
              1.0, 
              1.0, 
              1.0, 
              1.0, 
              1.0, 
              1.0, 
              1.0
            ], 
            "name": "2_down_03.33", 
            "clust": 1, 
            "rank": 1, 
            "ini": 2, 
            "rankvar": 4
          }, 
          {
            "group": [
              2.0, 
              1.0, 
              1.0, 
              1.0, 
              1.0, 
              1.0, 
              1.0, 
              1.0, 
              1.0, 
              1.0, 
              1.0
            ], 
            "name": "2_down_10.0", 
            "clust": 2, 
            "rank": 0, 
            "ini": 1, 
            "rankvar": 5
          }
        ]
      }
    }, 
    {
      "N_row_var": "all", 
      "nodes": {
        "row_nodes": [
          {
            "group": [
              1.0, 
              1.0, 
              1.0, 
              1.0, 
              1.0, 
              1.0, 
              1.0, 
              1.0, 
              1.0, 
              1.0, 
              1.0
            ], 
            "name": "NF-kappa B signaling pathway_Homo sapiens_hsa04064", 
            "clust": 0, 
            "rank": 0, 
            "ini": 2, 
            "rankvar": 1
          }, 
          {
            "group": [
              2.0, 
              2.0, 
              2.0, 
              2.0, 
              2.0, 
              2.0, 
              2.0, 
              2.0, 
              2.0, 
              2.0, 
              1.0
            ], 
            "name": "Small cell lung cancer_Homo sapiens_hsa05222", 
            "clust": 1, 
            "rank": 1, 
            "ini": 1, 
            "rankvar": 0
          }
        ], 
        "col_nodes": [
          {
            "group": [
              3.0, 
              1.0, 
              1.0, 
              1.0, 
              1.0, 
              1.0, 
              1.0, 
              1.0, 
              1.0, 
              1.0, 
              1.0
            ], 
            "name": "2_down_0.04", 
            "clust": 4, 
            "rank": 2, 
            "ini": 6, 
            "rankvar": 2
          }, 
          {
            "group": [
              4.0, 
              1.0, 
              1.0, 
              1.0, 
              1.0, 
              1.0, 
              1.0, 
              1.0, 
              1.0, 
              1.0, 
              1.0
            ], 
            "name": "2_down_0.12", 
            "clust": 5, 
            "rank": 4, 
            "ini": 5, 
            "rankvar": 1
          }, 
          {
            "group": [
              5.0, 
              1.0, 
              1.0, 
              1.0, 
              1.0, 
              1.0, 
              1.0, 
              1.0, 
              1.0, 
              1.0, 
              1.0
            ], 
            "name": "2_down_0.37", 
            "clust": 3, 
            "rank": 5, 
            "ini": 4, 
            "rankvar": 0
          }, 
          {
            "group": [
              6.0, 
              2.0, 
              2.0, 
              2.0, 
              2.0, 
              2.0, 
              1.0, 
              1.0, 
              1.0, 
              1.0, 
              1.0
            ], 
            "name": "2_down_01.11", 
            "clust": 0, 
            "rank": 3, 
            "ini": 3, 
            "rankvar": 3
          }, 
          {
            "group": [
              1.0, 
              1.0, 
              1.0, 
              1.0, 
              1.0, 
              1.0, 
              1.0, 
              1.0, 
              1.0, 
              1.0, 
              1.0
            ], 
            "name": "2_down_03.33", 
            "clust": 1, 
            "rank": 1, 
            "ini": 2, 
            "rankvar": 4
          }, 
          {
            "group": [
              2.0, 
              1.0, 
              1.0, 
              1.0, 
              1.0, 
              1.0, 
              1.0, 
              1.0, 
              1.0, 
              1.0, 
              1.0
            ], 
            "name": "2_down_10.0", 
            "clust": 2, 
            "rank": 0, 
            "ini": 1, 
            "rankvar": 5
          }
        ]
      }, 
      "dist": "cos"
    }
  ], 
  "cat_colors": {
    "col": {}, 
    "row": {}
  }, 
  "row_nodes": [
    {
      "group": [
        1.0, 
        1.0, 
        1.0, 
        1.0, 
        1.0, 
        1.0, 
        1.0, 
        1.0, 
        1.0, 
        1.0, 
        1.0
      ], 
      "name": "NF-kappa B signaling pathway_Homo sapiens_hsa04064", 
      "clust": 0, 
      "rank": 0, 
      "ini": 2,